<configuration>
    <property name="LOG_PATTERN" value="%d{yyyy-MM-dd HH:mm:ss} %-5level %c{1} - %msg%n" />
    <property name="LOG_PATH" value="logs" />

    <appender name="ROLLING_FILE" class="ch.qos.logback.core.rolling.RollingFileAppender">
        <rollingPolicy class="ch.qos.logback.core.rolling.SizeAndTimeBasedRollingPolicy">
            <fileNamePattern>${LOG_PATH}/application.%d{yyyy-MM-dd}.%i.log</fileNamePattern>
            <maxHistory>30</maxHistory>
            <maxFileSize>10MB</maxFileSize>
        </rollingPolicy>
        <encoder>
            <pattern>${LOG_PATTERN}</pattern>
        </encoder>
    </appender>

    <root level="debug">
        <appender-ref ref="ROLLING_FILE" />
    </root>
</configuration>
